id,first_name,last_name,email,gender,ip_address
31,Lizzy,Schole,lschole0@kickstarter.com,Female,245.100.42.72
32,Allyn,Revington,arevington1@aol.com,Male,88.86.93.89
33,Wandis,McCarle,wmccarle2@w3.org,Female,219.36.230.19
34,Karlan,Dmitrievski,kdmitrievski3@eventbrite.com,Male,35.205.50.123
35,Raymond,Edgin,redgin4@mashable.com,Male,102.30.17.243
36,Ansley,Towsie,atowsie5@newsvine.com,Female,251.219.190.158
37,Ronica,Sonnenschein,rsonnenschein6@businessweek.com,Female,161.120.112.96
38,Mable,Milland,mmilland7@yandex.ru,Female,209.231.43.247
39,Shela,Dami,sdami8@paginegialle.it,Female,127.50.59.137
40,Florry,Kench,fkench9@acquirethisname.com,Female,139.249.14.6
